<component name="ProjectRunConfigurationManager">
  <configuration default="false" name="game_server" type="CMakeRunConfiguration" factoryName="Application" PROGRAM_PARAMS="--config-file &quot;../../data/config.json&quot; --www-root &quot;../../static&quot; --randomize_spawn_points --tick-period 100" REDIRECT_INPUT="false" ELEVATE="false" USE_EXTERNAL_CONSOLE="false" EMULATE_TERMINAL="false" PASS_PARENT_ENVS_2="true" PROJECT_NAME="Project" TARGET_NAME="game_server" CONFIG_NAME="Debug" RUN_TARGET_PROJECT_NAME="Project" RUN_TARGET_NAME="game_server">
    <envs>
      <env name="GAME_DB_URL" value="postgres://postgres:Mys3Cr3t@localhost:30432/playerdb" />
    </envs>
    <method v="2">
      <option name="com.jetbrains.cidr.execution.CidrBuildBeforeRunTaskProvider$BuildBeforeRunTask" enabled="true" />
    </method>
  </configuration>
</component>